{
  "accuracy": 0.7905982905982906,
  "macro_avg": {
    "precision": 0.7570331739823265,
    "recall": 0.7966416252675795,
    "f1_score": 0.7723230375715314
  },
  "weighted_avg": {
    "precision": 0.8020433330733201,
    "recall": 0.7905982905982906,
    "f1_score": 0.7931002297675722
  },
  "per_class": {
    "normal": {
      "precision": 0.6666666666666666,
      "recall": 0.85,
      "f1_score": 0.7472527472527473,
      "support": 40
    },
    "benign": {
      "precision": 0.8813559322033898,
      "recall": 0.7938931297709924,
      "f1_score": 0.8353413654618473,
      "support": 131
    },
    "malignant": {
      "precision": 0.7230769230769231,
      "recall": 0.746031746031746,
      "f1_score": 0.7343749999999999,
      "support": 63
    }
  },
  "auc": 0.9276895943562611
}